sniper,feature,0,,,,,,,,,,
demolitions,feature,0,,,,,,,,,,
cac,feature,0,,,,,,,,,,
cas,feature,0,,,,,,,,,,
playercard,feature,0,,,,,,,,,,
playercard_title,feature,0,,,,,,,,,,
playercard_icon,feature,0,,,,,,,,,,
token_1,feature,0,,,,,,,,,,
token_2,feature,0,,,,,,,,,,
token_3,feature,0,,,,,,,,,,
token_4,feature,0,,,,,,,,,,
token_5,feature,0,,,,,,,,,,
token_6,feature,0,,,,,,,,,,
token_7,feature,0,,,,,,,,,,
token_8,feature,0,,,,,,,,,,
token_9,feature,0,,,,,,,,,,
token_10,feature,0,,,,,,,,,,
token_11,feature,0,,,,,,,,,,
token_12,feature,0,,,,,,,,,,
token_13,feature,0,,,,,,,,,,
token_14,feature,0,,,,,,,,,,
ghillie_forest,feature,0,,,,,,,,,,
ghillie_arctic,feature,0,,,,,,,,,,
ghillie_urban,feature,0,,,,,,,,,,
ghillie_desert,feature,0,,,,,,,,,,
challenges,feature,0,,,,,,,,,,
clantag,feature,0,,,,,,,,,,
uav,killstreak,0,,,,,,,,,,
airstrike,killstreak,0,,,,,,,,,,
helicopter,killstreak,0,,,,,,,,,,
ac130,killstreak,0,,,,,,,,,,
predator_missile,killstreak,0,,,,,,,,,,
helicopter_minigun,killstreak,0,,,,,,,,,,
helicopter_mk19,killstreak,0,,,,,,,,,,
nuke,killstreak,0,,,,,,,,,,
double_uav,killstreak,0,,,,,,,,,,
auto_shotgun,killstreak,9999,,,,,,,,,,
precision_airstrike,killstreak,0,,,,,,,,,,
counter_uav,killstreak,0,,,,,,,,,,
sentry,killstreak,0,,,,,,,,,,
sentry_gl,killstreak,9999,,,,,,,,,,
thumper,killstreak,9999,,,,,,,,,,
airdrop,killstreak,0,,,,,,,,,,
tank,killstreak,0,,,,,,,,,,
atbr,killstreak,0,,,,,,,,,,
miniuav,killstreak,0,,,,,,,,,,
miniuav_player,killstreak,0,,,,,,,,,,
remote_mortar,killstreak,0,,,,,,,,,,
airdrop_sentry_minigun,killstreak,0,,,,,,,,,,
airdrop_predator_missile,killstreak,0,,,,,,,,,,
littlebird_support,killstreak,0,,,,,,,,,,
stealth_airstrike,killstreak,0,,,,,,,,,,
harrier_airstrike,killstreak,0,,,,,,,,,,
super_airstrike,killstreak,9999,,,,,,,,,,
helicopter_blackbox,killstreak,9999,,,,,,,,,,
helicopter_flares,killstreak,0,,,,,,,,,,
emp,killstreak,0,,,,,,,,,,
pavelow,killstreak,9999,,,,,,,,,,
cruise_missile,killstreak,9999,,,,,,,,,,
ch_prestige,challenge,0,,,,,,,,,,
tier_prestige,prestige,0,,,,,,,,,,
pr_marksman_famas,challenge,0,,title,icon,title,,,,,,
pr_expert_famas,challenge,0,,title,icon,title,,,,,,
pr_marksman_masada,challenge,0,,title,icon,title,,,,,,
pr_expert_masada,challenge,0,,title,icon,title,,,,,,
pr_marksman_scar,challenge,0,,title,icon,title,,,,,,
pr_expert_scar,challenge,0,,title,icon,title,,,,,,
pr_marksman_ump45,challenge,0,,title,icon,title,,,,,,
pr_expert_ump45,challenge,0,,title,icon,title,,,,,,
pr_marksman_p90,challenge,0,,title,icon,title,,,,,,
pr_expert_p90,challenge,0,,title,icon,title,,,,,,
pr_marksman_m240,challenge,0,,title,icon,title,,,,,,
pr_expert_m240,challenge,0,,title,icon,title,,,,,,
pr_marksman_aug,challenge,0,,title,icon,title,,,,,,
pr_expert_aug,challenge,0,,title,icon,title,,,,,,
pr_marksman_rpd,challenge,0,,title,icon,title,,,,,,
pr_expert_rpd,challenge,0,,title,icon,title,,,,,,
pr_marksman_cheytac,challenge,0,,title,icon,title,,,,,,
pr_expert_cheytac,challenge,0,,title,icon,title,,,,,,
pr_marksman_barrett,challenge,0,,title,icon,title,,,,,,
pr_expert_barrett,challenge,0,,title,icon,title,,,,,,
pr_marksman_m21,challenge,0,,title,icon,title,,,,,,
pr_expert_m21,challenge,0,,title,icon,title,,,,,,
pr_marksman_wa2000,challenge,0,,title,icon,title,,,,,,
pr_expert_wa2000,challenge,0,,title,icon,title,,,,,,
pr_marksman_glock,challenge,0,,title,icon,title,,,,,,
pr_expert_glock,challenge,0,,title,icon,title,,,,,,
pr_marksman_beretta393,challenge,0,,title,icon,title,,,,,,
pr_expert_beretta393,challenge,0,,title,icon,title,,,,,,
pr_marksman_aa12,challenge,0,,title,icon,title,,,,,,
pr_expert_aa12,challenge,0,,title,icon,title,,,,,,
pr_marksman_m1014,challenge,0,,title,icon,title,,,,,,
pr_expert_m1014,challenge,0,,title,icon,title,,,,,,
pr_marksman_spas12,challenge,0,,title,icon,title,,,,,,
pr_expert_spas12,challenge,0,,title,icon,title,,,,,,
pr_marksman_beretta,challenge,0,,title,icon,title,,,,,,
pr_expert_beretta,challenge,0,,title,icon,title,,,,,,
pr_marksman_coltanaconda,challenge,0,,title,icon,title,,,,,,
pr_expert_coltanaconda,challenge,0,,title,icon,title,,,,,,
pr_marksman_rpg,challenge,0,,title,icon,title,,,,,,
pr_expert_rpg,challenge,0,,title,icon,title,,,,,,
pr_marksman_javelin,challenge,0,,title,icon,title,,,,,,
pr_expert_javelin,challenge,0,,title,icon,title,,,,,,
pr_marksman_stinger,challenge,0,,title,title,title,title,,,,,
tier_1,challenge,0,,,,,,,,,,
tier_2,challenge,0,,,,,,,,,,
tier_3,challenge,0,,,,,,,,,,
tier_3_a,challenge,0,,,,,,,,,,
tier_3_b,challenge,0,,,,,,,,,,
tier_3_c,challenge,0,,,,,,,,,,
tier_4,challenge,0,,,,,,,,,,
tier_4_a,challenge,0,,,,,,,,,,
tier_4_b,challenge,0,,,,,,,,,,
tier_4_c,challenge,0,,,,,,,,,,
tier_4_d,challenge,0,,,,,,,,,,
tier_5,challenge,0,,,,,,,,,,
tier_5_a,challenge,0,,,,,,,,,,
tier_5_b,challenge,0,,,,,,,,,,
tier_5_c,challenge,0,,,,,,,,,,
tier_5_d,challenge,0,,,,,,,,,,
tier_6,challenge,0,,,,,,,,,,
tier_6_a,challenge,0,,,,,,,,,,
tier_6_b,challenge,0,,,,,,,,,,
tier_6_c,challenge,0,,,,,,,,,,
tier_6_d,challenge,0,,,,,,,,,,
tier_7,challenge,0,,,,,,,,,,
tier_7_a,challenge,0,,,,,,,,,,
tier_7_b,challenge,0,,,,,,,,,,
tier_7_c,challenge,0,,,,,,,,,,
tier_7_d,challenge,0,,,,,,,,,,
tier_8,challenge,0,,,,,,,,,,
tier_8_a,challenge,0,,,,,,,,,,
tier_8_b,challenge,0,,,,,,,,,,
tier_8_c,challenge,0,,,,,,,,,,
tier_8_d,challenge,0,,,,,,,,,,
tier_9,challenge,0,,,,,,,,,,
tier_9_a,challenge,0,,,,,,,,,,
tier_9_b,challenge,0,,,,,,,,,,
tier_9_c,challenge,0,,,,,,,,,,
tier_9_d,challenge,0,,,,,,,,,,
tier_10,challenge,0,,,,,,,,,,
tier_10_a,challenge,0,,,,,,,,,,
tier_10_b,challenge,0,,,,,,,,,,
tier_10_c,challenge,0,,,,,,,,,,
tier_10_d,challenge,0,,,,,,,,,,
tier_11,challenge,0,,,,,,,,,,
tier_11_a,challenge,0,,,,,,,,,,
tier_11_b,challenge,0,,,,,,,,,,
tier_11_c,challenge,0,,,,,,,,,,
tier_11_d,challenge,0,,,,,,,,,,
tier_12,challenge,0,,,,,,,,,,
specialty_marathon,perk,0,,,,,,,,,,
specialty_bulletaccuracy,perk,0,,,,,,,,,,
specialty_heartbreaker,perk,0,,,,,,,,,,
specialty_fastreload,perk,0,,,,,,,,,,
specialty_bling,perk,0,,,,,,,,,,
specialty_bulletdamage,perk,0,,,,,,,,,,
specialty_hardline,perk,0,,,,,,,,,,
specialty_onemanarmy,perk,0,,,,,,,,,,
specialty_coldblooded,perk,0,,,,,,,,,,
specialty_lightweight,perk,0,,,,,,,,,,
specialty_scavenger,perk,0,,,,,,,,,,
specialty_extendedmelee,perk,0,,,,,,,,,,
specialty_detectexplosive,perk,0,,,,,,,,,,
specialty_localjammer,perk,0,,,,,,,,,,
specialty_explosivedamage,perk,0,,,,,,,,,,
specialty_fastmantle,perk,0,,,,,,,,,,
specialty_holdbreath,perk,0,,,,,,,,,,
specialty_twoprimaries,perk,0,,,,,,,,,,
specialty_selectivehearing,perk,0,,,,,,,,,,
specialty_delaymine,perk,0,,,,,,,,,,
specialty_quickdraw,perk,0,,,,,,,,,,
specialty_secondarybling,perk,0,,,,,,,,,,
specialty_armorpiercing,perk,0,,,,,,,,,,
specialty_rollover,perk,0,,,,,,,,,,
specialty_omaquickchange,perk,0,,,,,,,,,,
specialty_spygame,perk,0,,,,,,,,,,
specialty_fastsprintrecovery,perk,0,,,,,,,,,,
specialty_extraammo,perk,0,,,,,,,,,,
specialty_quieter,perk,0,,,,,,,,,,
specialty_falldamage,perk,0,,,,,,,,,,
specialty_laststandoffhand,perk,0,,,,,,,,,,
specialty_dangerclose,perk,0,,,,,,,,,,
specialty_fasthealthregen,perk,0,,,,,,,,,,
specialty_fastadsmove,perk,0,,,,,,,,,,
specialty_reducedshellshock,perk,0,,,,,,,,,,
specialty_grenadepulldeath,perk,0,,,,,,,,,,
specialty_fraggrenade,perk,0,,,,,,,,,,
specialty_specialgrenade,perk,0,,,,,,,,,,
specialty_blastshield,perk,0,,,,,,,,,,
specialty_shield,perk,0,,,,,,,,,,
specialty_finalstand,perk,0,,,,,,,,,,
specialty_flashgrenade,perk,0,,,,,,,,,,
specialty_concussiongrenade,perk,0,,,,,,,,,,
specialty_smokegrenade,perk,0,,,,,,,,,,
specialty_empgrenade,perk,0,,,,,,,,,,
specialty_tacticalinsertion,perk,0,,,,,,,,,,
specialty_c4death,perk,9999,,,,,,,,,,
c4_mp,perk,0,,,,,,,,,,
claymore_mp,perk,0,,,,,,,,,,
sonic_warden_mp,perk,0,,,,,,,,,,
throwingknife_mp,perk,0,,,,,,,,,,
semtex_mp,perk,0,,,,,,,,,,
frag_grenade_mp,perk,0,,,,,,,,,,
specialty_combathigh,perk,0,,,,,,,,,,
specialty_bulletpenetration,perk,0,,,,,,,,,,
specialty_longersprint,perk,0,,,,,,,,,,
specialty_parabolic,perk,9999,,,,,,,,,,
specialty_bulletaccuracy2,perk,9999,,,,,,,,,,
specialty_rof,perk,9999,,,,,,,,,,
specialty_burstfire,perk,9999,,,,,,,,,,
specialty_akimbo,perk,9999,,,,,,,,,,
specialty_siege,perk,9999,,,,,,,,,,
specialty_fmj,perk,9999,,,,,,,,,,
specialty_feigndeath,perk,9999,,,,,,,,,,
specialty_jumpdive,perk,9999,,,,,,,,,,
specialty_shellshock,perk,9999,,,,,,,,,,
specialty_explosivebullets,perk,9999,,,,,,,,,,
specialty_thermal,perk,9999,,,,,,,,,,
specialty_blackbox,perk,9999,,,,,,,,,,
specialty_steelnerves,perk,9999,,,,,,,,,,
specialty_sitrep,perk,9999,,,,,,,,,,
specialty_extraspecialduration,perk,9999,,,,,,,,,,
specialty_extendedmags,perk,9999,,,,,,,,,,
specialty_saboteur,perk,9999,,,,,,,,,,
specialty_challenger,perk,9999,,,,,,,,,,
specialty_endgame,perk,9999,,,,,,,,,,
specialty_carepackage,perk,9999,,,,,,,,,,
specialty_littlebird_support,perk,9999,,,,,,,,,,
specialty_fastsnipe,perk,9999,,,,,,,,,,
specialty_improvedholdbreath,perk,9999,,,,,,,,,,
specialty_primarydeath,perk,9999,,,,,,,,,,
specialty_spygame2,perk,9999,,,,,,,,,,
specialty_automantle,perk,9999,,,,,,,,,,
javelin,weapon,0,,,,,,,,,,
ch_marksman_javelin,challenge,0,,,,,,,,,,
cardtitle_javelin_marksman,title,0,,,,,,,,,,
cardtitle_javelin_expert,title,0,,,,,,,,,,
cardtitle_javelin_veteran,title,0,,,,,,,,,,
cardtitle_javelin_master,title,0,,,,,,,,,,
stinger,weapon,0,,,,,,,,,,
ch_marksman_stinger,challenge,0,,,,,,,,,,
cardtitle_stinger_marksman,title,0,,,,,,,,,,
cardtitle_stinger_expert,title,0,,,,,,,,,,
cardtitle_stinger_veteran,title,0,,,,,,,,,,
cardtitle_stinger_master,title,0,,,,,,,,,,
stinger desert,camo,9999,,,,,,,,,,
stinger arctic,camo,9999,,,,,,,,,,
stinger woodland,camo,9999,,,,,,,,,,
stinger digital,camo,9999,,,,,,,,,,
stinger red_urban,camo,9999,,,,,,,,,,
stinger blue_tiger,camo,9999,,,,,,,,,,
stinger red_tiger,camo,9999,,,,,,,,,,
stinger orange_fall,camo,9999,,,,,,,,,,
stinger gold,camo,9999,,,,,,,,,,
rpg,weapon,0,,,,,,,,,,
ch_marksman_rpg,challenge,0,,,,,,,,,,
cardtitle_rpg_marksman,title,0,,,,,,,,,,
cardtitle_rpg_expert,title,0,,,,,,,,,,
cardtitle_rpg_veteran,title,0,,,,,,,,,,
cardtitle_rpg_master,title,0,,,,,,,,,,
rpg desert,camo,9999,,,,,,,,,,
rpg arctic,camo,9999,,,,,,,,,,
rpg woodland,camo,9999,,,,,,,,,,
rpg digital,camo,9999,,,,,,,,,,
rpg red_urban,camo,9999,,,,,,,,,,
rpg blue_tiger,camo,9999,,,,,,,,,,
rpg red_tiger,camo,9999,,,,,,,,,,
rpg orange_fall,camo,9999,,,,,,,,,,
rpg gold,camo,9999,,,,,,,,,,
tier_38_m240,challenge,0,,,,,,,,,,
m240,weapon,0,,,,,,,,,,
m240 grip,attachment,0,,,,,,,,,,
m240 reflex,attachment,0,,,,,,,,,,
m240 silencer,attachment,0,,,,,,,,,,
m240 acog,attachment,0,,,,,,,,,,
m240 fmj,attachment,0,,,,,,,,,,
m240 heartbeat,attachment,0,,,,,,,,,,
m240 thermal,attachment,0,,,,,,,,,,
m240 xmags,attachment,0,,,,,,,,,,
ch_marksman_m240,challenge,0,,grip,reflex,silencer,acog,fmj,,,,
ch_expert_m240,challenge,0,,woodland,digital,red_urban,blue_tiger,red_tiger,orange_fall,,,
ch_m240_reflex,challenge,0,,,,,,,,,,
ch_m240_silencer,challenge,0,,heartbeat,,,,,,,,
ch_m240_acog,challenge,0,,thermal,,,,,,,,
ch_m240_fmj,challenge,0,,xmags,,,,,,,,
ch_m240_mastery,challenge,0,,,,,,,,,,
cardtitle_m240_sharpshooter,title,0,,,,,,,,,,
cardtitle_m240_marksman,title,0,,,,,,,,,,
cardicon_m240_marksman,icon,0,,,,,,,,,,
cardtitle_m240_veteran,title,0,,,,,,,,,,
cardtitle_m240_expert,title,0,,,,,,,,,,
cardicon_m240_expert,icon,0,,,,,,,,,,
cardtitle_m240_master,title,0,,,,,,,,,,
m240 desert,camo,0,,,,,,,,,,
m240 arctic,camo,0,,,,,,,,,,
m240 woodland,camo,0,,,,,,,,,,
m240 digital,camo,0,,,,,,,,,,
m240 red_urban,camo,0,,,,,,,,,,
m240 blue_tiger,camo,0,,,,,,,,,,
m240 red_tiger,camo,0,,,,,,,,,,
m240 orange_fall,camo,0,,,,,,,,,,
m240 gold,camo,9999,,ch_expert_m240_6;ch_m240_mastery,,,,,,,,
tier_47_rpd,challenge,4,,,,,,,,,,
rpd,weapon,0,,,,,,,,,,
rpd grip,attachment,0,,,,,,,,,,
rpd reflex,attachment,0,,,,,,,,,,
rpd silencer,attachment,0,,,,,,,,,,
rpd acog,attachment,0,,,,,,,,,,
rpd fmj,attachment,0,,,,,,,,,,
rpd heartbeat,attachment,0,,,,,,,,,,
rpd thermal,attachment,0,,,,,,,,,,
rpd xmags,attachment,0,,,,,,,,,,
ch_marksman_rpd,challenge,0,,grip,reflex,silencer,acog,fmj,,,,
ch_expert_rpd,challenge,0,,woodland,digital,red_urban,blue_tiger,red_tiger,orange_fall,,,
ch_rpd_reflex,challenge,0,,,,,,,,,,
ch_rpd_silencer,challenge,0,,heartbeat,,,,,,,,
ch_rpd_acog,challenge,0,,thermal,,,,,,,,
ch_rpd_fmj,challenge,0,,xmags,,,,,,,,
ch_rpd_mastery,challenge,0,,,,,,,,,,
cardtitle_rpd_sharpshooter,title,0,,,,,,,,,,
cardtitle_rpd_marksman,title,0,,,,,,,,,,
cardicon_rpd_marksman,icon,0,,,,,,,,,,
cardtitle_rpd_veteran,title,0,,,,,,,,,,
cardtitle_rpd_expert,title,0,,,,,,,,,,
cardicon_rpd_expert,icon,0,,,,,,,,,,
cardtitle_rpd_master,title,0,,,,,,,,,,
rpd desert,camo,0,,,,,,,,,,
rpd arctic,camo,0,,,,,,,,,,
rpd woodland,camo,0,,,,,,,,,,
rpd digital,camo,0,,,,,,,,,,
rpd red_urban,camo,0,,,,,,,,,,
rpd blue_tiger,camo,0,,,,,,,,,,
rpd red_tiger,camo,0,,,,,,,,,,
rpd orange_fall,camo,0,,,,,,,,,,
rpd gold,camo,9999,,ch_expert_rpd_6;ch_rpd_mastery,,,,,,,,
tier_49_scar,challenge,0,,,,,,,,,,
scar,weapon,0,,,,,,,,,,
scar gl,attachment,0,,,,,,,,,,
scar reflex,attachment,0,,,,,,,,,,
scar silencer,attachment,0,,,,,,,,,,
scar acog,attachment,0,,,,,,,,,,
scar fmj,attachment,0,,,,,,,,,,
scar heartbeat,attachment,0,,,,,,,,,,
scar thermal,attachment,0,,,,,,,,,,
scar xmags,attachment,0,,,,,,,,,,
scar shotgun,attachment,0,,,,,,,,,,
ch_marksman_scar,challenge,0,,gl,reflex,silencer,acog,fmj,,,,
ch_expert_scar,challenge,0,,woodland,digital,red_urban,blue_tiger,red_tiger,orange_fall,,,
ch_scar_gl,challenge,0,,shotgun,,,,,,,,
ch_scar_reflex,challenge,0,,,,,,,,,,
ch_scar_silencer,challenge,0,,heartbeat,,,,,,,,
ch_scar_acog,challenge,0,,thermal,,,,,,,,
ch_scar_fmj,challenge,0,,xmags,,,,,,,,
ch_scar_mastery,challenge,0,,,,,,,,,,
cardtitle_scar_sharpshooter,title,0,,,,,,,,,,
cardtitle_scar_marksman,title,0,,,,,,,,,,
cardicon_scar_marksman,icon,0,,,,,,,,,,
cardtitle_scar_veteran,title,0,,,,,,,,,,
cardtitle_scar_expert,title,0,,,,,,,,,,
cardicon_scar_expert,icon,0,,,,,,,,,,
cardtitle_scar_master,title,0,,,,,,,,,,
scar desert,camo,0,,,,,,,,,,
scar arctic,camo,0,,,,,,,,,,
scar woodland,camo,0,,,,,,,,,,
scar digital,camo,0,,,,,,,,,,
scar red_urban,camo,0,,,,,,,,,,
scar blue_tiger,camo,0,,,,,,,,,,
scar red_tiger,camo,0,,,,,,,,,,
scar orange_fall,camo,0,,,,,,,,,,
scar gold,camo,9999,,ch_expert_scar_6;ch_scar_mastery,,,,,,,,
tier_54_ump45,challenge,0,,,,,,,,,,
ump45,weapon,0,,,,,,,,,,
ump45 hrof,attachment,0,,,,,,,,,,
ump45 reflex,attachment,0,,,,,,,,,,
ump45 silencer,attachment,0,,,,,,,,,,
ump45 acog,attachment,0,,,,,,,,,,
ump45 fmj,attachment,0,,,,,,,,,,
ump45 akimbo,attachment,0,,,,,,,,,,
ump45 thermal,attachment,0,,,,,,,,,,
ump45 xmags,attachment,0,,,,,,,,,,
ch_marksman_ump45,challenge,0,,hrof,reflex,silencer,acog,fmj,,,,title
ch_expert_ump45,challenge,0,,woodland,digital,red_urban,blue_tiger,red_tiger,orange_fall,,,
ch_ump45_rof,challenge,0,,akimbo,,,,,,,,
ch_ump45_reflex,challenge,0,,,,,,,,,,
ch_ump45_acog,challenge,0,,thermal,,,,,,,,
ch_ump45_fmj,challenge,0,,xmags,,,,,,,,
ch_ump45_mastery,challenge,0,,,,,,,,,,
cardtitle_ump45_sharpshooter,title,0,,,,,,,,,,
cardtitle_ump45_marksman,title,0,,,,,,,,,,
cardicon_ump45_marksman,icon,0,,,,,,,,,,
cardtitle_ump45_veteran,title,0,,,,,,,,,,
cardtitle_ump45_expert,title,0,,,,,,,,,,
cardicon_ump45_expert,icon,0,,,,,,,,,,
cardtitle_ump45_master,title,0,,,,,,,,,,
ump45 desert,camo,0,,,,,,,,,,
ump45 arctic,camo,0,,,,,,,,,,
ump45 woodland,camo,0,,,,,,,,,,
ump45 digital,camo,0,,,,,,,,,,
ump45 red_urban,camo,0,,,,,,,,,,
ump45 blue_tiger,camo,0,,,,,,,,,,
ump45 red_tiger,camo,0,,,,,,,,,,
ump45 orange_fall,camo,0,,,,,,,,,,
ump45 gold,camo,9999,,ch_expert_ump45_6;ch_ump45_mastery,,,,,,,,
tier_44_p90,challenge,0,,,,,,,,,,
p90,weapon,0,,,,,,,,,,
p90 hrof,attachment,0,,,,,,,,,,
p90 reflex,attachment,0,,,,,,,,,,
p90 silencer,attachment,0,,,,,,,,,,
p90 acog,attachment,0,,,,,,,,,,
p90 fmj,attachment,0,,,,,,,,,,
p90 akimbo,attachment,0,,,,,,,,,,
p90 thermal,attachment,0,,,,,,,,,,
p90 xmags,attachment,0,,,,,,,,,,
ch_marksman_p90,challenge,0,,hrof,reflex,silencer,acog,fmj,,,,title
ch_expert_p90,challenge,0,,woodland,digital,red_urban,blue_tiger,red_tiger,orange_fall,,,
ch_p90_rof,challenge,0,,akimbo,,,,,,,,
ch_p90_reflex,challenge,0,,,,,,,,,,
ch_p90_acog,challenge,0,,thermal,,,,,,,,
ch_p90_fmj,challenge,0,,xmags,,,,,,,,
ch_p90_mastery,challenge,0,,,,,,,,,,
cardtitle_p90_sharpshooter,title,0,,,,,,,,,,
cardtitle_p90_marksman,title,0,,,,,,,,,,
cardicon_p90_marksman,icon,0,,,,,,,,,,
cardtitle_p90_veteran,title,0,,,,,,,,,,
cardtitle_p90_expert,title,0,,,,,,,,,,
cardicon_p90_expert,icon,0,,,,,,,,,,
cardtitle_p90_master,title,0,,,,,,,,,,
p90 desert,camo,0,,,,,,,,,,
p90 arctic,camo,0,,,,,,,,,,
p90 woodland,camo,0,,,,,,,,,,
p90 digital,camo,0,,,,,,,,,,
p90 red_urban,camo,0,,,,,,,,,,
p90 blue_tiger,camo,0,,,,,,,,,,
p90 red_tiger,camo,0,,,,,,,,,,
p90 orange_fall,camo,0,,,,,,,,,,
p90 gold,camo,9999,,ch_expert_p90_6;ch_p90_mastery,,,,,,,,
tier_27_cheytac,challenge,0,,,,,,,,,,
cheytac,weapon,0,,,,,,,,,,
cheytac silencer,attachment,0,,,,,,,,,,
cheytac acog,attachment,0,,,,,,,,,,
cheytac fmj,attachment,0,,,,,,,,,,
cheytac heartbeat,attachment,0,,,,,,,,,,
cheytac thermal,attachment,0,,,,,,,,,,
cheytac xmags,attachment,0,,,,,,,,,,
ch_marksman_cheytac,challenge,0,,silencer,acog,fmj,,,,,,
ch_expert_cheytac,challenge,0,,woodland,digital,red_urban,blue_tiger,red_tiger,orange_fall,,,
ch_cheytac_silencer,challenge,0,,heartbeat,,,,,,,,
ch_cheytac_acog,challenge,0,,thermal,,,,,,,,
ch_cheytac_fmj,challenge,0,,xmags,,,,,,,,
ch_cheytac_mastery,challenge,0,,,,,,,,,,
cardtitle_cheytac_sharpshooter,title,0,,,,,,,,,,
cardtitle_cheytac_marksman,title,0,,,,,,,,,,
cardicon_cheytac_marksman,icon,0,,,,,,,,,,
cardtitle_cheytac_veteran,title,0,,,,,,,,,,
cardtitle_cheytac_expert,title,0,,,,,,,,,,
cardicon_cheytac_expert,icon,0,,,,,,,,,,
cardtitle_cheytac_master,title,0,,,,,,,,,,
cheytac desert,camo,0,,,,,,,,,,
cheytac arctic,camo,0,,,,,,,,,,
cheytac woodland,camo,0,,,,,,,,,,
cheytac digital,camo,0,,,,,,,,,,
cheytac red_urban,camo,0,,,,,,,,,,
cheytac blue_tiger,camo,0,,,,,,,,,,
cheytac red_tiger,camo,0,,,,,,,,,,
cheytac orange_fall,camo,0,,,,,,,,,,
cheytac gold,camo,9999,,ch_expert_cheytac_6;ch_cheytac_mastery,,,,,,,,
tier_37_m21,challenge,0,,,,,,,,,,
m21,weapon,0,,,,,,,,,,
m21 silencer,attachment,0,,,,,,,,,,
m21 acog,attachment,0,,,,,,,,,,
m21 fmj,attachment,0,,,,,,,,,,
m21 heartbeat,attachment,0,,,,,,,,,,
m21 thermal,attachment,0,,,,,,,,,,
m21 xmags,attachment,0,,,,,,,,,,
ch_marksman_m21,challenge,0,,silencer,acog,fmj,,,,,,
ch_expert_m21,challenge,0,,woodland,digital,red_urban,blue_tiger,red_tiger,orange_fall,,,
ch_m21_silencer,challenge,0,,heartbeat,,,,,,,,
ch_m21_acog,challenge,0,,thermal,,,,,,,,
ch_m21_fmj,challenge,0,,xmags,,,,,,,,
ch_m21_mastery,challenge,0,,,,,,,,,,
cardtitle_m21_sharpshooter,title,0,,,,,,,,,,
cardtitle_m21_marksman,title,0,,,,,,,,,,
cardicon_m21_marksman,icon,0,,,,,,,,,,
cardtitle_m21_veteran,title,0,,,,,,,,,,
cardtitle_m21_expert,title,0,,,,,,,,,,
cardicon_m21_expert,icon,0,,,,,,,,,,
cardtitle_m21_master,title,0,,,,,,,,,,
m21 desert,camo,0,,,,,,,,,,
m21 arctic,camo,0,,,,,,,,,,
m21 woodland,camo,0,,,,,,,,,,
m21 digital,camo,0,,,,,,,,,,
m21 red_urban,camo,0,,,,,,,,,,
m21 blue_tiger,camo,0,,,,,,,,,,
m21 red_tiger,camo,0,,,,,,,,,,
m21 orange_fall,camo,0,,,,,,,,,,
m21 gold,camo,9999,,ch_expert_m21_6;ch_m21_mastery,,,,,,,,
tier_24_barrett,challenge,0,,,,,,,,,,
barrett,weapon,0,,,,,,,,,,
barrett silencer,attachment,0,,,,,,,,,,
barrett acog,attachment,0,,,,,,,,,,
barrett fmj,attachment,0,,,,,,,,,,
barrett heartbeat,attachment,0,,,,,,,,,,
barrett thermal,attachment,0,,,,,,,,,,
barrett xmags,attachment,0,,,,,,,,,,
ch_marksman_barrett,challenge,0,,silencer,acog,fmj,,,,,,
ch_expert_barrett,challenge,0,,woodland,digital,red_urban,blue_tiger,red_tiger,orange_fall,,,
ch_barrett_silencer,challenge,0,,heartbeat,,,,,,,,
ch_barrett_acog,challenge,0,,thermal,,,,,,,,
ch_barrett_fmj,challenge,0,,xmags,,,,,,,,
ch_barrett_mastery,challenge,0,,,,,,,,,,
cardtitle_barrett_sharpshooter,title,0,,,,,,,,,,
cardtitle_barrett_marksman,title,0,,,,,,,,,,
cardicon_barrett_marksman,icon,0,,,,,,,,,,
cardtitle_barrett_veteran,title,0,,,,,,,,,,
cardtitle_barrett_expert,title,0,,,,,,,,,,
cardicon_barrett_expert,icon,0,,,,,,,,,,
cardtitle_barrett_master,title,0,,,,,,,,,,
barrett desert,camo,0,,,,,,,,,,
barrett arctic,camo,0,,,,,,,,,,
barrett woodland,camo,0,,,,,,,,,,
barrett digital,camo,0,,,,,,,,,,
barrett red_urban,camo,0,,,,,,,,,,
barrett blue_tiger,camo,0,,,,,,,,,,
barrett red_tiger,camo,0,,,,,,,,,,
barrett orange_fall,camo,0,,,,,,,,,,
barrett gold,camo,9999,,ch_expert_barrett_6;ch_barrett_mastery,,,,,,,,
tier_33_glock,challenge,0,,,,,,,,,,
glock,weapon,0,,,,,,,,,,
glock reflex,attachment,0,,,,,,,,,,
glock silencer,attachment,0,,,,,,,,,,
glock fmj,attachment,0,,,,,,,,,,
glock akimbo,attachment,0,,,,,,,,,,
glock xmags,attachment,0,,,,,,,,,,
ch_marksman_glock,challenge,0,,reflex,silencer,fmj,akimbo,,xmags,,,
ch_expert_glock,challenge,0,,,,,,,,,,
cardtitle_glock_marksman,title,0,,,,,,,,,,
cardicon_glock_marksman,icon,0,,,,,,,,,,
cardtitle_glock_veteran,title,0,,,,,,,,,,
cardtitle_glock_expert,title,0,,,,,,,,,,
cardicon_glock_expert,icon,0,,,,,,,,,,
cardtitle_glock_master,title,0,,,,,,,,,,
tier_21_aa12,challenge,0,,,,,,,,,,
aa12,weapon,0,,,,,,,,,,
aa12 reflex,attachment,0,,,,,,,,,,
aa12 silencer,attachment,0,,,,,,,,,,
aa12 grip,attachment,0,,,,,,,,,,
aa12 fmj,attachment,0,,,,,,,,,,
aa12 xmags,attachment,0,,,,,,,,,,
ch_marksman_aa12,challenge,0,,reflex,silencer,grip,fmj,,xmags,,,
ch_expert_aa12,challenge,0,,,,,,,,,,
cardtitle_aa12_marksman,title,0,,,,,,,,,,
cardicon_aa12_marksman,icon,0,,,,,,,,,,
cardtitle_aa12_veteran,title,0,,,,,,,,,,
cardtitle_aa12_expert,title,0,,,,,,,,,,
cardicon_aa12_expert,icon,0,,,,,,,,,,
cardtitle_aa12_master,title,0,,,,,,,,,,
tier_39_m1014,challenge,0,,,,,,,,,,
m1014,weapon,0,,,,,,,,,,
m1014 reflex,attachment,0,,,,,,,,,,
m1014 silencer,attachment,0,,,,,,,,,,
m1014 grip,attachment,0,,,,,,,,,,
m1014 fmj,attachment,0,,,,,,,,,,
m1014 xmags,attachment,0,,,,,,,,,,
ch_marksman_m1014,challenge,0,,reflex,silencer,grip,fmj,,xmags,,,
ch_expert_m1014,challenge,0,,,,,,,,,,
cardtitle_m1014_marksman,title,0,,,,,,,,,,
cardicon_m1014_marksman,icon,0,,,,,,,,,,
cardtitle_m1014_veteran,title,0,,,,,,,,,,
cardtitle_m1014_expert,title,0,,,,,,,,,,
cardicon_m1014_expert,icon,0,,,,,,,,,,
cardtitle_m1014_master,title,0,,,,,,,,,,
tier_50_spas12,challenge,0,,,,,,,,,,
spas12,weapon,0,,,,,,,,,,
spas12 reflex,attachment,0,,,,,,,,,,
spas12 silencer,attachment,0,,,,,,,,,,
spas12 grip,attachment,0,,,,,,,,,,
spas12 fmj,attachment,0,,,,,,,,,,
spas12 xmags,attachment,0,,,,,,,,,,
ch_marksman_spas12,challenge,0,,reflex,silencer,grip,fmj,,xmags,,,
ch_expert_spas12,challenge,0,,,,,,,,,,
cardtitle_spas12_marksman,title,0,,,,,,,,,,
cardicon_spas12_marksman,icon,0,,,,,,,,,,
cardtitle_spas12_veteran,title,0,,,,,,,,,,
cardtitle_spas12_expert,title,0,,,,,,,,,,
cardicon_spas12_expert,icon,0,,,,,,,,,,
cardtitle_spas12_master,title,0,,,,,,,,,,
`,,,,,,,,,,,,
tier_26_beretta,challenge,0,,,,,,,,,,
beretta,weapon,0,,,,,,,,,,
beretta fmj,attachment,0,,,,,,,,,,
beretta silencer,attachment,0,,,,,,,,,,
beretta akimbo,attachment,0,,,,,,,,,,
beretta tactical,attachment,0,,,,,,,,,,
beretta xmags,attachment,0,,,,,,,,,,
ch_marksman_beretta,challenge,0,,fmj,silencer,akimbo,tactical,xmags,,,,title
ch_expert_beretta,challenge,0,,,,,,,,,,
cardtitle_beretta_marksman,title,0,,,,,,,,,,
cardicon_beretta_marksman,icon,0,,,,,,,,,,
cardtitle_beretta_veteran,title,0,,,,,,,,,,
cardtitle_beretta_expert,title,0,,,,,,,,,,
cardicon_beretta_expert,icon,0,,,,,,,,,,
cardtitle_beretta_master,title,0,,,,,,,,,,
tier_28_coltanaconda,challenge,0,,,,,,,,,,
coltanaconda,weapon,0,,,,,,,,,,
coltanaconda fmj,attachment,0,,,,,,,,,,
coltanaconda akimbo,attachment,0,,,,,,,,,,
coltanaconda tactical,attachment,0,,,,,,,,,,
ch_marksman_coltanaconda,challenge,0,,fmj,akimbo,tactical,,,,,,
ch_expert_coltanaconda,challenge,0,,,,,,,,,,
cardtitle_coltanaconda_marksman,title,0,,,,,,,,,,
cardicon_coltanaconda_marksman,icon,0,,,,,,,,,,
cardtitle_coltanaconda_veteran,title,0,,,,,,,,,,
cardtitle_coltanaconda_expert,title,0,,,,,,,,,,
cardicon_coltanaconda_expert,icon,0,,,,,,,,,,
cardtitle_coltanaconda_master,title,0,,,,,,,,,,
ch_ghillie,challenge,0,,arctic,red_urban,desert,,,,,,
cardtitle_flyswatter,title,0,,,,,,,,,,
cardtitle_avenger,title,0,,,,,,,,,,
cardtitle_shotdown,title,0,,,,,,,,,,
cardtitle_tangodown,title,0,,,,,,,,,,
cardtitle_bowdown,title,0,,,,,,,,,,
cardtitle_lowprofile,title,0,,,,,,,,,,
cardtitle_dishtherock,title,0,,,,,,,,,,
cardtitle_jointops,title,0,,,,,,,,,,
cardtitle_sprayandpray,title,0,,,,,,,,,,
cardtitle_submittoauthority,title,0,,,,,,,,,,
cardtitle_pyro,title,0,,,,,,,,,,
cardtitle_fired,title,0,,,,,,,,,,
cardtitle_drifter,title,0,,,,,,,,,,
cardtitle_pushindaisy,title,0,,,,,,,,,,
cardtitle_accidentprone,title,0,,,,,,,,,,
cardtitle_flag_united_states,title,0,,,,,,,,,,
cardtitle_flag_uk,title,0,,,,,,,,,,
cardtitle_flag_canada,title,0,,,,,,,,,,
cardtitle_flag_australia,title,0,,,,,,,,,,
cardtitle_flag_france,title,0,,,,,,,,,,
cardtitle_flag_mexico,title,0,,,,,,,,,,
cardtitle_flag_germany,title,0,,,,,,,,,,
cardtitle_flag_italy,title,0,,,,,,,,,,
cardtitle_flag_japan,title,0,,,,,,,,,,
cardtitle_flag_norway,title,0,,,,,,,,,,
cardtitle_flag_russia,title,0,,,,,,,,,,
cardtitle_flag_greece,title,0,,,,,,,,,,
cardtitle_flag_spain,title,0,,,,,,,,,,
cardtitle_flag_sweden,title,0,,,,,,,,,,
cardtitle_flag_ireland,title,0,,,,,,,,,,
cardtitle_flag_belgium,title,0,,,,,,,,,,
cardtitle_flag_finland,title,0,,,,,,,,,,
cardtitle_flag_luxemburg,title,0,,,,,,,,,,
cardtitle_flag_czech,title,0,,,,,,,,,,
cardtitle_flag_netherlands,title,0,,,,,,,,,,
cardtitle_flag_newzealand,title,0,,,,,,,,,,
cardtitle_flag_brazil,title,0,,,,,,,,,,
cardtitle_flag_philippines,title,0,,,,,,,,,,
cardtitle_flag_poland,title,0,,,,,,,,,,
cardtitle_flag_portugal,title,0,,,,,,,,,,
cardtitle_flag_denmark,title,0,,,,,,,,,,
cardtitle_flag_saudiarabia,title,0,,,,,,,,,,
cardtitle_flag_singapore,title,0,,,,,,,,,,
cardtitle_flag_southafrica,title,0,,,,,,,,,,
cardtitle_flag_southkorea,title,0,,,,,,,,,,
cardtitle_flag_hongkong,title,0,,,,,,,,,,
cardtitle_flag_india,title,0,,,,,,,,,,
cardtitle_flag_swiss,title,0,,,,,,,,,,
cardtitle_flag_taiwan,title,0,,,,,,,,,,
cardtitle_flag_austria,title,0,,,,,,,,,,
cardtitle_flag_united_arab_emirates,title,0,,,,,,,,,,
cardtitle_flag_elsalvador,title,0,,,,,,,,,,
cardtitle_flag_china,title,0,,,,,,,,,,
cardtitle_flag_iran,title,0,,,,,,,,,,
cardtitle_lonewolf,title,0,,,,,,,,,,
cardtitle_getreal,title,0,,,,,,,,,,
cardtitle_teamplayer,title,0,,,,,,,,,,
cardtitle_destroyer,title,0,,,,,,,,,,
cardtitle_its_sabotage,title,0,,,,,,,,,,
cardtitle_hotshot,title,0,,,,,,,,,,
cardtitle_feared,title,0,,,,,,,,,,
cardtitle_publicenemy,title,0,,,,,,,,,,
cardtitle_bombshell,title,0,,,,,,,,,,
cardtitle_thabomb,title,0,,,,,,,,,,
cardtitle_explosiveordinance,title,0,,,,,,,,,,
cardtitle_madbomber,title,0,,,,,,,,,,
cardtitle_harcoreonly,title,0,,,,,,,,,,
cardtitle_intergalactic,title,0,,,,,,,,,,
cardtitle_bob,title,0,,,,,,,,,,
cardtitle_survivor,title,0,,,,,,,,,,
cardtitle_overwatch,title,0,,,,,,,,,,
cardtitle_dzclear,title,0,,,,,,,,,,
cardtitle_rainoffire,title,0,,,,,,,,,,
cardtitle_steelreign,title,0,,,,,,,,,,
cardtitle_timeontarget,title,0,,,,,,,,,,
cardtitle_brokenarrow,title,0,,,,,,,,,,
cardtitle_givinstatic,title,0,,,,,,,,,,
cardtitle_jumpjet,title,0,,,,,,,,,,
cardtitle_philanthropist,title,0,,,,,,,,,,
cardtitle_sigint,title,0,,,,,,,,,,
cardtitle_nohands,title,0,,,,,,,,,,
cardtitle_ghostrider,title,0,,,,,,,,,,
cardtitle_squawkbox,title,0,,,,,,,,,,
cardtitle_companioncrate,title,0,,,,,,,,,,
cardtitle_straightup,title,0,,,,,,,,,,
cardtitle_voyeur,title,0,,,,,,,,,,
cardtitle_fireforget,title,0,,,,,,,,,,
cardtitle_cr1zby,title,0,,,,,,,,,,
cardtitle_patriot,title,0,,,,,,,,,,
cardtitle_greatwhite,title,0,,,,,,,,,,
cardtitle_continental,title,0,,,,,,,,,,
cardtitle_neutral,title,0,,,,,,,,,,
cardtitle_conquerer,title,0,,,,,,,,,,
cardtitle_terminator,title,0,,,,,,,,,,
cardtitle_risingsun,title,0,,,,,,,,,,
cardtitle_redeemer,title,0,,,,,,,,,,
cardtitle_pineappleexpress,title,0,,,,,,,,,,
cardtitle_catchshrapnel,title,0,,,,,,,,,,
cardtitle_mastermind,title,0,,,,,,,,,,
cardtitle_jackinthebox,title,0,,,,,,,,,,
cardtitle_copperfield,title,0,,,,,,,,,,
cardtitle_takeastab,title,0,,,,,,,,,,
cardtitle_masterblaster,title,0,,,,,,,,,,
cardtitle_juggernaut,title,0,,,,,,,,,,
cardtitle_bullseye,title,0,,,,,,,,,,
cardtitle_stuckonyou,title,0,,,,,,,,,,
cardtitle_plasticman,title,0,,,,,,,,,,
cardtitle_c4andafter,title,0,,,,,,,,,,
cardtitle_silentknight,title,0,,,,,,,,,,
cardtitle_darkbringer,title,0,,,,,,,,,,
cardtitle_tacticaldeletion,title,0,,,,,,,,,,
cardtitle_itspersonal,title,0,,,,,,,,,,
cardtitle_fragout,title,0,,,,,,,,,,
cardtitle_cloakanddagger,title,0,,,,,,,,,,
cardtitle_wopr,title,0,,,,,,,,,,
cardtitle_rollingthunder,title,0,,,,,,,,,,
cardtitle_angelofdeath,title,0,,,,,,,,,,
cardtitle_gettothechoppa,title,0,,,,,,,,,,
cardtitle_cobracommander,title,0,,,,,,,,,,
cardtitle_airwolf,title,0,,,,,,,,,,
cardtitle_blackout,title,0,,,,,,,,,,
cardtitle_endofline,title,0,,,,,,,,,,
cardtitle_planewhisperer,title,0,,,,,,,,,,
cardtitle_starfishprime,title,0,,,,,,,,,,
cardtitle_watchman,title,0,,,,,,,,,,
cardtitle_omnipotent,title,0,,,,,,,,,,
cardtitle_fullthrottle,title,0,,,,,,,,,,
cardtitle_sbd,title,0,,,,,,,,,,
cardtitle_spectre,title,0,,,,,,,,,,
cardtitle_jollygreen,title,0,,,,,,,,,,
cardtitle_gambler,title,0,,,,,,,,,,
cardtitle_spirit,title,0,,,,,,,,,,
cardtitle_sharepackage,title,0,,,,,,,,,,
cardtitle_santaclaus,title,0,,,,,,,,,,
cardtitle_chickmagnet,title,0,,,,,,,,,,
cardtitle_mylilpwny,title,0,,,,,,,,,,
cardtitle_booyah,title,0,,,,,,,,,,
cardtitle_streaker,title,0,,,,,,,,,,
cardtitle_1bullet2kills,title,0,,,,,,,,,,
cardtitle_dictator,title,0,,,,,,,,,,
cardtitle_surgical,title,0,,,,,,,,,,
cardtitle_crackinskulls,title,0,,,,,,,,,,
cardtitle_popoff,title,0,,,,,,,,,,
cardtitle_boomheadshot,title,0,,,,,,,,,,
cardtitle_faceoff,title,0,,,,,,,,,,
cardtitle_headrush,title,0,,,,,,,,,,
cardtitle_mach5,title,0,,,,,,,,,,
cardtitle_notintheface,title,0,,,,,,,,,,
cardtitle_perfectionist,title,0,,,,,,,,,,
cardtitle_badaboom,title,0,,,,,,,,,,
cardtitle_genocidal,title,0,,,,,,,,,,
cardtitle_partinggift,title,0,,,,,,,,,,
cardtitle_ambush,title,0,,,,,,,,,,
cardtitle_pinpuller,title,0,,,,,,,,,,
cardtitle_boomboompow,title,0,,,,,,,,,,
cardtitle_anarchist,title,0,,,,,,,,,,
cardtitle_highlander,title,0,,,,,,,,,,
cardtitle_enemybenefits,title,0,,,,,,,,,,
cardtitle_nbk,title,0,,,,,,,,,,
cardtitle_allpro,title,0,,,,,,,,,,
cardtitle_hardtarget,title,0,,,,,,,,,,
cardtitle_dronekiller,title,0,,,,,,,,,,
cardtitle_truelies,title,0,,,,,,,,,,
cardtitle_transformer,title,0,,,,,,,,,,
cardtitle_deathfromabove,title,0,,,,,,,,,,
cardtitle_droppincrates,title,0,,,,,,,,,,
cardtitle_hidef,title,0,,,,,,,,,,
cardtitle_unbelievable,title,0,,,,,,,,,,
cardtitle_stickman,title,0,,,,,,,,,,
cardtitle_lastresort,title,0,,,,,,,,,,
cardtitle_absenteekiller,title,0,,,,,,,,,,
cardtitle_finishingtouch,title,0,,,,,,,,,,
cardtitle_og,title,0,,,,,,,,,,
cardtitle_technokiller,title,0,,,,,,,,,,
cardtitle_owned,title,0,,,,,,,,,,
cardtitle_boilermaker,title,0,,,,,,,,,,
cardtitle_backstabber,title,0,,,,,,,,,,
cardtitle_stungun,title,0,,,,,,,,,,
cardtitle_noobtuber,title,0,,,,,,,,,,
cardtitle_rival,title,0,,,,,,,,,,
cardtitle_omfg,title,0,,,,,,,,,,
cardtitle_thinkfast,title,0,,,,,,,,,,
cardtitle_concussive,title,0,,,,,,,,,,
cardtitle_lightsout,title,0,,,,,,,,,,
cardtitle_backfire,title,0,,,,,,,,,,
cardtitle_blindfire,title,0,,,,,,,,,,
cardtitle_duckhunter,title,0,,,,,,,,,,
cardtitle_omnicide,title,0,,,,,,,,,,
cardtitle_devastator,title,0,,,,,,,,,,
cardtitle_mvpassassin,title,0,,,,,,,,,,
cardtitle_heart,title,0,,,,,,,,,,
cardtitle_tagyoureit,title,0,,,,,,,,,,
cardtitle_timeismoney,title,0,,,,,,,,,,
cardtitle_imrich,title,0,,,,,,,,,,
cardtitle_moneyshot,title,0,,,,,,,,,,
cardtitle_makeitrain,title,0,,,,,,,,,,
cardtitle_clayback,title,0,,,,,,,,,,
cardtitle_robinhood,title,0,,,,,,,,,,
cardtitle_madman,title,0,,,,,,,,,,
cardtitle_idthief,title,0,,,,,,,,,,
cardtitle_newjack,title,0,,,,,,,,,,
cardtitle_bloodmoney,title,0,,,,,,,,,,
cardtitle_flatliner,title,0,,,,,,,,,,
cardtitle_evildead,title,0,,,,,,,,,,
cardtitle_quickdraw,title,0,,,,,,,,,,
cardtitle_hiredgun,title,0,,,,,,,,,,
cardtitle_mastatdon,title,0,,,,,,,,,,
cardtitle_howthe,title,0,,,,,,,,,,
cardtitle_dominofx,title,0,,,,,,,,,,
cardtitle_halfbaked,title,0,,,,,,,,,,
cardtitle_bam,title,0,,,,,,,,,,
cardtitle_invincible,title,0,,,,,,,,,,
cardtitle_livelong,title,0,,,,,,,,,,
cardtitle_claypigeon,title,0,,,,,,,,,,
cardtitle_reversaloffortune,title,0,,,,,,,,,,
cardtitle_iceman,title,0,,,,,,,,,,
cardtitle_enemyofthestate,title,0,,,,,,,,,,
cardtitle_friendswith,title,0,,,,,,,,,,
cardtitle_legend,title,0,,,,,,,,,,
cardtitle_wargasm,title,0,,,,,,,,,,
cardtitle_biggertheyare,title,0,,,,,,,,,,
cardtitle_harderthey,title,0,,,,,,,,,,
cardtitle_epic,title,0,,,,,,,,,,
cardtitle_denier,title,0,,,,,,,,,,
cardtitle_carpetbomber,title,0,,,,,,,,,,
cardtitle_bombsaway,title,0,,,,,,,,,,
cardtitle_grimreaper,title,0,,,,,,,,,,
cardtitle_bigbrother,title,0,,,,,,,,,,
cardtitle_uavrays,title,0,,,,,,,,,,
cardtitle_afterburner,title,0,,,,,,,,,,
cardtitle_topgun,title,0,,,,,,,,,,
cardtitle_gat,title,0,,,,,,,,,,
cardtitle_theripper,title,0,,,,,,,,,,
cardtitle_allyourbase,title,0,,,,,,,,,,
cardtitle_globalthermo,title,0,,,,,,,,,,
cardtitle_theextreme,title,0,,,,,,,,,,
cardtitle_earlydetection,title,0,,,,,,,,,,
cardtitle_trackstar,title,0,,,,,,,,,,
cardtitle_freerunner,title,0,,,,,,,,,,
cardtitle_decathlete,title,0,,,,,,,,,,
cardtitle_2fast,title,0,,,,,,,,,,
cardtitle_hairtrigger,title,0,,,,,,,,,,
cardtitle_oneinchpunch,title,0,,,,,,,,,,
cardtitle_reloaded,title,0,,,,,,,,,,
cardtitle_bandolier,title,0,,,,,,,,,,
cardtitle_vulture,title,0,,,,,,,,,,
cardtitle_fullforce,title,0,,,,,,,,,,
cardtitle_sonicboom,title,0,,,,,,,,,,
cardtitle_dangerclose,title,0,,,,,,,,,,
cardtitle_doubledown,title,0,,,,,,,,,,
cardtitle_blingbling,title,0,,,,,,,,,,
cardtitle_armedanddangerous,title,0,,,,,,,,,,
cardtitle_highcaliber,title,0,,,,,,,,,,
cardtitle_kfactor,title,0,,,,,,,,,,
cardtitle_bitethebullet,title,0,,,,,,,,,,
cardtitle_speeddemon,title,0,,,,,,,,,,
cardtitle_readyfire,title,0,,,,,,,,,,
cardtitle_pathfinder,title,0,,,,,,,,,,
cardtitle_deadline,title,0,,,,,,,,,,
cardtitle_closesupport,title,0,,,,,,,,,,
cardtitle_invisible,title,0,,,,,,,,,,
cardtitle_uavjammer,title,0,,,,,,,,,,
cardtitle_doubleagent,title,0,,,,,,,,,,
cardtitle_fullarsenal,title,0,,,,,,,,,,
cardtitle_quickchange,title,0,,,,,,,,,,
cardtitle_armyof1,title,0,,,,,,,,,,
cardtitle_impaler,title,0,,,,,,,,,,
cardtitle_ninja,title,0,,,,,,,,,,
cardtitle_excalibur,title,0,,,,,,,,,,
cardtitle_sureshot,title,0,,,,,,,,,,
cardtitle_ironlungs,title,0,,,,,,,,,,
cardtitle_steelnerves,title,0,,,,,,,,,,
cardtitle_hardtokill,title,0,,,,,,,,,,
cardtitle_deadmansswitch,title,0,,,,,,,,,,
cardtitle_dyingbreath,title,0,,,,,,,,,,
cardtitle_disruptor,title,0,,,,,,,,,,
cardtitle_heartbreaker,title,0,,,,,,,,,,
cardtitle_counterintel,title,0,,,,,,,,,,
cardtitle_xrayvision,title,0,,,,,,,,,,
cardtitle_amplifier,title,0,,,,,,,,,,
cardtitle_eod,title,0,,,,,,,,,,
cardtitle_silentstrike,title,0,,,,,,,,,,
cardtitle_spygame,title,0,,,,,,,,,,
cardtitle_artofstealth,title,0,,,,,,,,,,
cardtitle_toxicavenger,title,0,,,,,,,,,,
cardtitle_infected,title,0,,,,,,,,,,
cardtitle_plague,title,0,,,,,,,,,,
cardtitle_klepto,title,0,,,,,,,,,,
cardtitle_behindenemy,title,0,,,,,,,,,,
cardtitle_6fears7,title,0,,,,,,,,,,
cardtitle_comfortablynumb,title,0,,,,,,,,,,
cardtitle_martyr,title,0,,,,,,,,,,
cardtitle_livingdead,title,0,,,,,,,,,,
cardtitle_sidekick,title,0,,,,,,,,,,
cardtitle_clickclickboom,title,0,,,,,,,,,,
cardtitle_hijacker,title,0,,,,,,,,,,
cardtitle_bountyhunter,title,0,,,,,,,,,,
cardtitle_no,title,0,,,,,,,,,,
cardtitle_sentrymaster,title,0,,,,,,,,,,
cardtitle_predatormaster,title,0,,,,,,,,,,
cardtitle_airstrikemaster,title,0,,,,,,,,,,
cardtitle_harriermaster,title,0,,,,,,,,,,
cardtitle_helimaster,title,0,,,,,,,,,,
cardtitle_pavelowmaster,title,0,,,,,,,,,,
cardtitle_stealthmaster,title,0,,,,,,,,,,
cardtitle_choppermaster,title,0,,,,,,,,,,
cardtitle_ac130master,title,0,,,,,,,,,,
cardtitle_blademaster,title,0,,,,,,,,,,
cardtitle_laststandmaster,title,0,,,,,,,,,,
cardtitle_silencermaster,title,0,,,,,,,,,,
cardtitle_flashmaster,title,0,,,,,,,,,,
cardtitle_stunmaster,title,0,,,,,,,,,,
cardtitle_sentryveteran,title,0,,,,,,,,,,
cardtitle_predatorveteran,title,0,,,,,,,,,,
cardtitle_airstrikeveteran,title,0,,,,,,,,,,
cardtitle_harrierveteran,title,0,,,,,,,,,,
cardtitle_heliveteran,title,0,,,,,,,,,,
cardtitle_pavelowveteran,title,0,,,,,,,,,,
cardtitle_stealthveteran,title,0,,,,,,,,,,
cardtitle_chopperveteran,title,0,,,,,,,,,,
cardtitle_ac130veteran,title,0,,,,,,,,,,
cardtitle_bladeveteran,title,0,,,,,,,,,,
cardtitle_laststandveteran,title,0,,,,,,,,,,
cardtitle_silencerveteran,title,0,,,,,,,,,,
cardtitle_flashveteran,title,0,,,,,,,,,,
cardtitle_stunveteran,title,0,,,,,,,,,,
cardtitle_headsup,title,0,,,,,,,,,,
cardtitle_predator,title,0,,,,,,,,,,
cardtitle_automator,title,0,,,,,,,,,,
cardtitle_shotover,title,0,,,,,,,,,,
cardtitle_stringfellow,title,0,,,,,,,,,,
cardtitle_doctor,title,0,,,,,,,,,,
cardtitle_coldsteel,title,0,,,,,,,,,,
cardtitle_inciser,title,0,,,,,,,,,,
cardtitle_phoenixrising,title,0,,,,,,,,,,
cardtitle_suppressor,title,0,,,,,,,,,,
cardtitle_shockandawe,title,0,,,,,,,,,,
cardtitle_flasher,title,0,,,,,,,,,,
cardtitle_handsfree,title,0,,,,,,,,,,
cardtitle_clusterbomb,title,0,,,,,,,,,,
cardtitle_rejected,title,0,,,,,,,,,,
cardtitle_skycaptain,title,0,,,,,,,,,,
cardtitle_cobrakai,title,0,,,,,,,,,,
cardtitle_godhand,title,0,,,,,,,,,,
cardtitle_ssdd,title,0,,,,,,,,,,
cardtitle_prestige1,title,0,,,,,,,,,,
cardtitle_prestige2,title,0,,,,,,,,,,
cardtitle_prestige3,title,0,,,,,,,,,,
cardtitle_prestige4,title,0,,,,,,,,,,
cardtitle_prestige5,title,0,,,,,,,,,,
cardtitle_prestige6,title,0,,,,,,,,,,
cardtitle_prestige7,title,0,,,,,,,,,,
cardtitle_prestige8,title,0,,,,,,,,,,
cardtitle_prestige9,title,0,,,,,,,,,,
cardtitle_prestige10,title,0,,,,,,,,,,
cardtitle_fng,title,0,,,,,,,,,,
cardtitle_20,title,0,,,,,,,,,,
cardtitle_30,title,0,,,,,,,,,,
cardtitle_40,title,0,,,,,,,,,,
cardtitle_50,title,0,,,,,,,,,,
cardtitle_60,title,0,,,,,,,,,,
cardtitle_70,title,0,,,,,,,,,,
cardtitle_20a,title,0,,,,,,,,,,
cardtitle_30a,title,0,,,,,,,,,,
cardtitle_40a,title,0,,,,,,,,,,
cardtitle_50a,title,0,,,,,,,,,,
cardtitle_60a,title,0,,,,,,,,,,
cardtitle_70a,title,0,,,,,,,,,,
cardtitle_grassyknoll,title,0,,,,,,,,,,
cardtitle_ghilliemist,title,0,,,,,,,,,,
cardtitle_rezero,title,0,,,,,,,,,,
cardtitle_blunttrauma,title,0,,,,,,,,,,
cardtitle_smashhit,title,0,,,,,,,,,,
cardtitle_backsmasher,title,0,,,,,,,,,,
cardtitle_protectserve,title,0,,,,,,,,,,
cardtitle_bulletproof,title,0,,,,,,,,,,
cardtitle_unbreakable,title,0,,,,,,,,,,
cardtitle_preemptive,title,0,,,,,,,,,,
cardicon_default,icon,0,,,,,,,,,,
cardicon_mw2_prestige1,icon,0,,,,,,,,,,
cardicon_mw2_prestige2,icon,0,,,,,,,,,,
cardicon_mw2_prestige3,icon,0,,,,,,,,,,
cardicon_mw2_prestige4,icon,0,,,,,,,,,,
cardicon_mw2_prestige5,icon,0,,,,,,,,,,
cardicon_mw2_prestige6,icon,0,,,,,,,,,,
cardicon_mw2_prestige7,icon,0,,,,,,,,,,
cardicon_mw2_prestige8,icon,0,,,,,,,,,,
cardicon_mw2_prestige9,icon,0,,,,,,,,,,
cardicon_mw2_prestige10,icon,0,,,,,,,,,,
cardicon_prestige10_02,icon,0,,pr_marksman_ak47_4,,,,,,,,
cardicon_ac130,icon,0,,,,,,,,,,
cardicon_uav,icon,0,,,,,,,,,,
cardicon_carepackage,icon,0,,,,,,,,,,
cardicon_counteruav,icon,0,,,,,,,,,,
cardicon_sentrygun,icon,0,,,,,,,,,,
cardicon_predatormissile,icon,0,,,,,,,,,,
cardicon_precair,icon,0,,,,,,,,,,
cardicon_harrierstrike,icon,0,,,,,,,,,,
cardicon_attackchopper,icon,0,,,,,,,,,,
cardicon_emergencyair,icon,0,,,,,,,,,,
cardicon_pavelowkillstreak,icon,0,,,,,,,,,,
cardicon_stealthkillstreak,icon,0,,,,,,,,,,
cardicon_choppergunner,icon,0,,,,,,,,,,
cardicon_empkillstreak,icon,0,,,,,,,,,,
cardicon_tacticalnuke,icon,0,,,,,,,,,,
cardicon_marathon,icon,0,,,,,,,,,,
cardicon_sleightofhand,icon,0,,,,,,,,,,
cardicon_scavenger,icon,0,,,,,,,,,,
cardicon_dangerclose,icon,0,,,,,,,,,,
cardicon_bling,icon,0,,,,,,,,,,
cardicon_stoppingpower,icon,0,,,,,,,,,,
cardicon_lightweight,icon,0,,,,,,,,,,
cardicon_hardline,icon,0,,,,,,,,,,
cardicon_coldblooded,icon,0,,,,,,,,,,
cardicon_oma,icon,0,,,,,,,,,,
cardicon_commando,icon,0,,,,,,,,,,
cardicon_steadyaim,icon,0,,,,,,,,,,
cardicon_scrambler,icon,0,,,,,,,,,,
cardicon_sitrep,icon,0,,,,,,,,,,
cardicon_laststand,icon,0,,,,,,,,,,
cardicon_ninja,icon,0,,,,,,,,,,
cardicon_pvt1,icon,0,,,,,,,,,,
cardicon_pfc1,icon,0,,,,,,,,,,
cardicon_spc1,icon,0,,,,,,,,,,
cardicon_cpl1,icon,0,,,,,,,,,,
cardicon_sgt1,icon,0,,,,,,,,,,
cardicon_ssgt1,icon,0,,,,,,,,,,
cardicon_sfc1,icon,0,,,,,,,,,,
cardicon_msgt1,icon,0,,,,,,,,,,
cardicon_1stsgt1,icon,0,,,,,,,,,,
cardicon_sgtmaj1,icon,0,,,,,,,,,,
cardicon_cmdsgtmaj1,icon,0,,,,,,,,,,
cardicon_2ndlt1,icon,0,,,,,,,,,,
cardicon_1stlt1,icon,0,,,,,,,,,,
cardicon_capt1,icon,0,,,,,,,,,,
cardicon_maj1,icon,0,,,,,,,,,,
cardicon_ltcol1,icon,0,,,,,,,,,,
cardicon_col1,icon,0,,,,,,,,,,
cardicon_bgen1,icon,0,,,,,,,,,,
cardicon_majgen1,icon,0,,,,,,,,,,
cardicon_ltgen1,icon,0,,,,,,,,,,
cardicon_gen1,icon,0,,,,,,,,,,
cardicon_comm1,icon,0,,,,,,,,,,
cardicon_patch,icon,0,,,,,,,,,,
cardicon_compass,icon,0,,,,,,,,,,
cardicon_b2,icon,0,,,,,,,,,,
cardicon_harrier,icon,0,,,,,,,,,,
cardicon_noseart1,icon,0,,,,,,,,,,
cardicon_pavelow,icon,0,,,,,,,,,,
cardicon_blue,icon,0,,,,,,,,,,
cardicon_tsuenami,icon,0,,,,,,,,,,
cardicon_macgregor,icon,0,,,,,,,,,,
cardicon_grunt_2,icon,0,,,,,,,,,,
cardicon_nates,icon,0,,,,,,,,,,
cardicon_brassknuckle,icon,0,,,,,,,,,,
cardicon_ac130_angelflare,icon,0,,,,,,,,,,
cardicon_skullaward,icon,0,,,,,,,,,,
cardicon_umbracatervae,icon,0,,,,,,,,,,
cardicon_brad,icon,0,,,,,,,,,,
cardicon_heartbeatsensor,icon,0,,,,,,,,,,
cardicon_bullets_50cal,icon,0,,,,,,,,,,
cardicon_bulletcase,icon,0,,,,,,,,,,
cardicon_shotgun_shells,icon,0,,,,,,,,,,
cardicon_doubletap,icon,0,,,,,,,,,,
cardicon_fmj,icon,0,,,,,,,,,,
cardicon_grunt,icon,0,,,,,,,,,,
cardicon_juggernaut_2,icon,0,,,,,,,,,,
cardicon_gasmask,icon,0,,,,,,,,,,
cardicon_nightvision_1,icon,0,,,,,,,,,,
cardicon_tsunami,icon,0,,,,,,,,,,
cardicon_sniperscope,icon,0,,,,,,,,,,
cardicon_badgirl,icon,0,,,,,,,,,,
cardicon_iss,icon,0,,,,,,,,,,
cardicon_minigun,icon,0,,,,,,,,,,
cardicon_ball_basketball_1,icon,0,,,,,,,,,,
cardicon_helmet_football_1,icon,0,,,,,,,,,,
cardicon_lion,icon,0,,,,,,,,,,
cardicon_frag,icon,0,,,,,,,,,,
cardicon_semtex,icon,0,,,,,,,,,,
cardicon_tacticalinsertion,icon,0,,,,,,,,,,
cardicon_blastshield,icon,0,,,,,,,,,,
cardicon_c4,icon,0,,,,,,,,,,
cardicon_claymore,icon,0,,,,,,,,,,
cardicon_stab,icon,0,,,,,,,,,,
cardicon_sheppard,icon,0,,,,,,,,,,
cardicon_comic_shepherd,icon,0,,,,,,,,,,
cardicon_koiker_hound,icon,0,,,,,,,,,,
cardicon_grigsby,icon,0,,,,,,,,,,
cardicon_taskforcearmy01,icon,0,,,,,,,,,,
cardicon_ghost_bust,icon,0,,,,,,,,,,
cardicon_ghillie,icon,0,,,,,,,,,,
cardicon_chicken,icon,0,,,,,,,,,,
cardicon_price_ww2,icon,0,,,,,,,,,,
cardicon_pricewoodland,icon,0,,,,,,,,,,
cardicon_pricearctic,icon,0,,,,,,,,,,
cardicon_assad,icon,0,,,,,,,,,,
cardicon_makarov,icon,0,,,,,,,,,,
cardicon_brock,icon,0,,,,,,,,,,
cardicon_throwingknife,icon,0,,,,,,,,,,
cardicon_league_magnum,icon,0,,,,,,,,,,
cardicon_dive,icon,0,,,,,,,,,,
cardicon_ball_soccer_1,icon,0,,,,,,,,,,
cardicon_ball_baseball_1,icon,0,,,,,,,,,,
cardicon_ball_football_1,icon,0,,,,,,,,,,
cardicon_kitten,icon,0,,,,,,,,,,
cardicon_pushingupdaisies,icon,0,,,,,,,,,,
cardicon_biohazard,icon,0,,,,,,,,,,
cardicon_juggernaut_1,icon,0,,,,,,,,,,
cardicon_ghost_skull,icon,0,,,,,,,,,,
cardicon_impale,icon,0,,,,,,,,,,
cardicon_riotdeath,icon,0,,,,,,,,,,
cardicon_headshot,icon,0,,,,,,,,,,
cardicon_car,icon,0,,,,,,,,,,
cardicon_gumby,icon,0,,,,,,,,,,
cardicon_spetsnaz,icon,0,,,,,,,,,,
cardicon_redhand,icon,0,,,,,,,,,,
cardicon_tf141,icon,0,,,,,,,,,,
cardicon_ball_volleyball_1,icon,0,,,,,,,,,,
cardicon_iwlogo,icon,0,,,,,,,,,,
cardicon_porterjustice,icon,0,,,,,,,,,,
cardicon_knife_logo,icon,0,,,,,,,,,,
cardicon_humantrophy,icon,0,,,,,,,,,,
cardicon_knife,icon,0,,,,,,,,,,
cardicon_skull,icon,0,,,,,,,,,,
cardicon_xray,icon,0,,,,,,,,,,
cardicon_skull_black,icon,0,,,,,,,,,,
cardicon_nightvision_2,icon,0,,,,,,,,,,
cardicon_moon,icon,0,,,,,,,,,,
cardicon_radiation,icon,0,,,,,,,,,,
cardicon_goodgirl,icon,0,,,,,,,,,,
cardicon_seasnipers,icon,0,,,,,,,,,,
cardicon_soap,icon,0,,,,,,,,,,
cardicon_gold,icon,0,,,,,,,,,,
cardicon_pirate,icon,0,,,,,,,,,,
cardicon_pirateflag,icon,0,,,,,,,,,,
cardicon_helmet_baseball_1,icon,0,,,,,,,,,,
cardicon_hockey_1,icon,0,,,,,,,,,,
cardicon_hockey_2,icon,0,,,,,,,,,,
cardicon_tennisracket,icon,0,,,,,,,,,,
cardicon_tiger,icon,0,,,,,,,,,,
cardicon_honeybadger01,icon,0,,,,,,,,,,
cardicon_kinggorilla,icon,0,,,,,,,,,,
cardicon_thecow,icon,0,,,,,,,,,,
cardicon_warpig,icon,0,,,,,,,,,,
cardicon_birdbrain,icon,0,,,,,,,,,,
cardicon_claw,icon,0,,,,,,,,,,
cardicon_boot,icon,0,,,,,,,,,,
cardicon_devilfinger,icon,0,,,,,,,,,,
cardicon_brassknuckles,icon,0,,,,,,,,,,
cardicon_8ball,icon,0,,,,,,,,,,
cardicon_mushroom,icon,0,,,,,,,,,,
cardicon_jets,icon,0,,,,,,,,,,
cardicon_tictac,icon,0,,,,,,,,,,
cardicon_joystick,icon,0,,,,,,,,,,
cardicon_devil,icon,0,,,,,,,,,,
cardicon_thebomb,icon,0,,,,,,,,,,
cardicon_sniper,icon,0,,,,,,,,,,
cardicon_icecream,icon,0,,,,,,,,,,
cardicon_gametype,icon,0,,,,,,,,,,
cardicon_comic_price,icon,0,,,,,,,,,,
cardicon_toon_price_1,icon,0,,,,,,,,,,
cardicon_8bit_price,icon,0,,,,,,,,,,
cardicon_readhead,icon,0,,,,,,,,,,
cardicon_pacifier_blue,icon,0,,,,,,,,,,
cardicon_pacifier_pink,icon,0,,,,,,,,,,
cardicon_cod4,icon,0,,,,,,,,,,
cardicon_iw,icon,0,,,,,,,,,,
cardicon_riot_shield,icon,0,,,,,,,,,,
cardicon_korean,icon,0,,,,,,,,,,
cardicon_gears,icon,0,,,,,,,,,,
cardicon_treasurechest,icon,0,,,,,,,,,,
cardicon_treasuremap,icon,0,,,,,,,,,,
cardicon_weed,icon,0,,,,,,,,,,
cardicon_league_1911,icon,0,,,,,,,,,,
cardicon_league_grenade,icon,0,,,,,,,,,,
cardicon_rhino,icon,0,,,,,,,,,,
cardicon_bear,icon,0,,,,,,,,,,
cardicon_hyena,icon,0,,,,,,,,,,
cardicon_sugarglider,icon,0,,,,,,,,,,
cardicon_stop,icon,0,,,,,,,,,,
cardicon_burgertown,icon,0,,,,,,,,,,
cardicon_bulb,icon,0,,,,,,,,,,
cardicon_tire,icon,0,,,,,,,,,,
cardicon_loadedfinger,icon,0,,,,,,,,,,
cardicon_girlskull,icon,0,,,,,,,,,,
cardicon_abduction,icon,0,,,,,,,,,,
cardicon_illuminati,icon,0,,,,,,,,,,
cardicon_copycat,icon,0,,,,,,,,,,
cardicon_painkiller,icon,0,,,,,,,,,,
cardicon_martyrdom,icon,0,,,,,,,,,,
cardicon_finalstand,icon,0,,,,,,,,,,
cardicon_prestige1,icon,0,,,,,,,,,,
cardicon_prestige2,icon,0,,,,,,,,,,
cardicon_prestige3,icon,0,,,,,,,,,,
cardicon_prestige4,icon,0,,,,,,,,,,
cardicon_prestige5,icon,0,,,,,,,,,,
cardicon_prestige6,icon,0,,,,,,,,,,
cardicon_prestige7,icon,0,,,,,,,,,,
cardicon_prestige8,icon,0,,,,,,,,,,
cardicon_prestige9,icon,0,,,,,,,,,,
cardicon_prestige10,icon,0,,,,,,,,,,
